{
  "family": "autocorr",
  "zeros": 30,
  "grid": [
    1.0,
    2.0,
    5.0
  ],
  "nodes": [
    {
      "family": "autocorr",
      "sigma": 1.0,
      "zeros_used": 30,
      "Q_lower": 1.256435837245791,
      "Q_upper": 1.2970924227560088,
      "Z": [
        7.204972862389146e-22,
        7.204972862389199e-22
      ],
      "A": [
        -2.5454778873014243,
        -2.5048213017912078
      ],
      "P": [
        1.2483854645454155,
        1.2483854645454167
      ],
      "tails": {
        "Z_tail_upper": 0.0,
        "A_tail_upper": 8.472520515493349e-174,
        "P_tail_upper": 2.1720759793880875e-36
      }
    },
    {
      "family": "autocorr",
      "sigma": 2.0,
      "zeros_used": 30,
      "Q_lower": 5.928607767821112,
      "Q_upper": 6.010796547504148,
      "Z": [
        2.6769601010993666e-05,
        2.6769601010993723e-05
      ],
      "A": [
        -6.626650362003684,
        -6.544461582320648
      ],
      "P": [
        0.6158805841005461,
        0.6158805841005466
      ],
      "tails": {
        "Z_tail_upper": 7.315608499099769e-279,
        "A_tail_upper": 3.3110692982792047e-43,
        "P_tail_upper": 8.906189222494865e-147
      }
    },
    {
      "family": "autocorr",
      "sigma": 5.0,
      "zeros_used": 30,
      "Q_lower": 17.622563286370987,
      "Q_upper": 17.9145976753008,
      "Z": [
        2.6533282219818877,
        2.653328221981891
      ],
      "A": [
        -15.261418330506444,
        -14.969383941576634
      ],
      "P": [
        0.0001488771875339981,
        0.00014887718753399872
      ],
      "tails": {
        "Z_tail_upper": 2.232819749469538e-44,
        "A_tail_upper": 5.444950167574034e-10,
        "P_tail_upper": 0.0
      }
    }
  ]
}