{
  "family": "cauchy",
  "zeros": 30,
  "grid": [
    1.0,
    2.0
  ],
  "nodes": [
    {
      "family": "cauchy",
      "sigma": 1.0,
      "zeros_used": 30,
      "Q_lower": -3.939505580420122,
      "Q_upper": 1.0643293304359165,
      "Z": [
        0.034340105732673154,
        0.04250177293618681
      ],
      "A": [
        -2.463756029780872,
        2.463756029780872
      ],
      "P": [
        1.4419284722811423,
        1.510089656371923
      ],
      "tails": {
        "Z_tail_upper": 0.008161667203513643,
        "A_tail_upper": 0.06796456280095946,
        "P_tail_upper": 0.06816118409077981
      }
    },
    {
      "family": "cauchy",
      "sigma": 2.0,
      "zeros_used": 30,
      "Q_lower": -5.7556003216829446,
      "Q_upper": 4.9062957475238616,
      "Z": [
        0.1364889704687571,
        0.16913232085463303
      ],
      "A": [
        -5.314602492924664,
        5.314602492924664
      ],
      "P": [
        0.5774390662554353,
        0.5774867992270377
      ],
      "tails": {
        "Z_tail_upper": 0.03264335038587588,
        "A_tail_upper": 0.2716738708412397,
        "P_tail_upper": 4.77329716020925e-05
      }
    }
  ]
}