{
  "family": "cauchy",
  "zeros": 30,
  "grid": [
    1.0,
    2.0,
    3.0
  ],
  "nodes": [
    {
      "family": "cauchy",
      "sigma": 1.0,
      "zeros_used": 30,
      "Q_lower": -0.4141411328471327,
      "Q_upper": -0.22815730697996783,
      "Z": [
        0.034340105732673154,
        0.04214344447059348
      ],
      "A": [
        -1.2149496346002153,
        -1.0610092060430125
      ],
      "P": [
        1.4852503860507766,
        1.5094904446228183
      ],
      "tails": {
        "Z_tail_upper": 0.0078033387379203125,
        "A_tail_upper": 0.06546085011528596,
        "P_tail_upper": 0.024240058572040757
      }
    },
    {
      "family": "cauchy",
      "sigma": 2.0,
      "zeros_used": 30,
      "Q_lower": 0.7484977499818938,
      "Q_upper": 1.32647980703396,
      "Z": [
        0.1364889704687571,
        0.1676994025186114
      ],
      "A": [
        -1.7362604452311285,
        -1.189490447091931
      ],
      "P": [
        0.5774800407157799,
        0.5774816675787943
      ],
      "tails": {
        "Z_tail_upper": 0.031210432049854235,
        "A_tail_upper": 0.26167746316053203,
        "P_tail_upper": 1.6268630140988798e-06
      }
    },
    {
      "family": "cauchy",
      "sigma": 3.0,
      "zeros_used": 30,
      "Q_lower": 0.9523941506849741,
      "Q_upper": 2.222865388968028,
      "Z": [
        0.3039296773265207,
        0.3741421935981234
      ],
      "A": [
        -2.1499101202802615,
        -0.9496513984162029
      ],
      "P": [
        0.3011869249103566,
        0.3011869250577496
      ],
      "tails": {
        "Z_tail_upper": 0.07021251627160262,
        "A_tail_upper": 0.588153902506273,
        "P_tail_upper": 1.4739268284567276e-10
      }
    }
  ]
}