{
  "family": "gaussian",
  "zeros": 30,
  "grid": [
    0.97,
    1.0,
    2.0
  ],
  "nodes": [
    {
      "family": "gaussian",
      "sigma": 0.97,
      "zeros_used": 30,
      "Q_lower": -2.8578118275224265,
      "Q_upper": 0.643240964775732,
      "Z": [
        1.556122358924751e-46,
        1.5561223589248175e-46
      ],
      "A": [
        -1.7505263956504313,
        1.7505263956504313
      ],
      "P": [
        1.1072854308746993,
        1.107285431871995
      ],
      "tails": {
        "Z_tail_upper": 0.0,
        "A_tail_upper": 0.0,
        "P_tail_upper": 9.972940174689087e-10
      }
    },
    {
      "family": "gaussian",
      "sigma": 1.0,
      "zeros_used": 30,
      "Q_lower": -2.879254787448554,
      "Q_upper": 0.7393544114395314,
      "Z": [
        8.26199314676369e-44,
        8.261993146763809e-44
      ],
      "A": [
        -1.8093045993241839,
        1.8093045993241839
      ],
      "P": [
        1.0699501878846525,
        1.06995018812437
      ],
      "tails": {
        "Z_tail_upper": 0.0,
        "A_tail_upper": 0.0,
        "P_tail_upper": 2.397168165107402e-10
      }
    },
    {
      "family": "gaussian",
      "sigma": 2.0,
      "zeros_used": 30,
      "Q_lower": -4.279687702342063,
      "Q_upper": 3.4621183821937063,
      "Z": [
        2.851305188402252e-11,
        2.8513051884022623e-11
      ],
      "A": [
        -3.870903042267884,
        3.870903042267884
      ],
      "P": [
        0.4087846601026911,
        0.40878466010269143
      ],
      "tails": {
        "Z_tail_upper": 0.0,
        "A_tail_upper": 1.3060351788192115e-86,
        "P_tail_upper": 2.0289337844604034e-41
      }
    }
  ]
}