{
  "family": "bump",
  "zeros": 30,
  "grid": [
    1.0,
    2.0,
    3.0
  ],
  "nodes": [
    {
      "family": "bump",
      "sigma": 1.0,
      "zeros_used": 30,
      "Q_lower": -0.684177400038781,
      "Q_upper": -0.10439691276011387,
      "Z": [
        0.020727409772268206,
        0.027872386637044375
      ],
      "A": [
        -1.6135815397582223,
        -1.0409460293443313
      ],
      "P": [
        1.7458508391553804,
        1.7458508391553806
      ],
      "tails": {
        "Z_tail_upper": 0.007144976864776162,
        "A_tail_upper": 0.05512016827684305,
        "P_tail_upper": 0.0
      }
    },
    {
      "family": "bump",
      "sigma": 2.0,
      "zeros_used": 30,
      "Q_lower": -12.296760014144109,
      "Q_upper": -10.47717156169686,
      "Z": [
        0.011881668407463731,
        0.019698646677928932
      ],
      "A": [
        -4.579171442237079,
        -2.7673999680602983
      ],
      "P": [
        15.076041650611868,
        15.076041650611872
      ],
      "tails": {
        "Z_tail_upper": 0.007816978270465189,
        "A_tail_upper": 0.06508846745034692,
        "P_tail_upper": 0.0
      }
    },
    {
      "family": "bump",
      "sigma": 3.0,
      "zeros_used": 30,
      "Q_lower": -55.88235177741559,
      "Q_upper": -52.25038455451925,
      "Z": [
        0.018380824003414672,
        0.02619780227388007
      ],
      "A": [
        -8.200224094826899,
        -4.576073850201037
      ],
      "P": [
        60.47680645162003,
        60.47680645162004
      ],
      "tails": {
        "Z_tail_upper": 0.007816978270465189,
        "A_tail_upper": 0.06565289048884218,
        "P_tail_upper": 0.0
      }
    }
  ]
}