{
  "family": "gaussian",
  "zeros": 30,
  "grid": [
    1.0,
    2.0,
    5.0,
    10.0
  ],
  "nodes": [
    {
      "family": "gaussian",
      "sigma": 1.0,
      "zeros_used": 30,
      "Q_lower": 0.11494795833503657,
      "Q_upper": 0.13784561535824214,
      "Z": [
        8.26199314676369e-44,
        8.261993146763809e-44
      ],
      "A": [
        -1.2077958034138319,
        -1.184898146390627
      ],
      "P": [
        1.0699501880555897,
        1.0699501880555904
      ],
      "tails": {
        "Z_tail_upper": 0.0,
        "A_tail_upper": 0.0,
        "P_tail_upper": 4.395828747550621e-18
      }
    },
    {
      "family": "gaussian",
      "sigma": 2.0,
      "zeros_used": 30,
      "Q_lower": 1.2344176058266279,
      "Q_upper": 1.257417826474343,
      "Z": [
        2.851305188402252e-11,
        2.8513051884022623e-11
      ],
      "A": [
        -1.666202486548521,
        -1.6432022659008063
      ],
      "P": [
        0.4087846601026911,
        0.40878466010269143
      ],
      "tails": {
        "Z_tail_upper": 0.0,
        "A_tail_upper": 3.4542144522205045e-87,
        "P_tail_upper": 1.386330980054627e-73
      }
    },
    {
      "family": "gaussian",
      "sigma": 5.0,
      "zeros_used": 30,
      "Q_lower": 1.9850527829023217,
      "Q_upper": 2.0157122217110945,
      "Z": [
        0.0370825863192188,
        0.03708258631921886
      ],
      "A": [
        -1.983449760601384,
        -1.9527903217926113
      ],
      "P": [
        0.004820125209508348,
        0.00482012520950836
      ],
      "tails": {
        "Z_tail_upper": 6.152261325035017e-90,
        "A_tail_upper": 6.701482444045425e-22,
        "P_tail_upper": 0.0
      }
    },
    {
      "family": "gaussian",
      "sigma": 10.0,
      "zeros_used": 30,
      "Q_lower": 1.9669767907687123,
      "Q_upper": 2.038001919158523,
      "Z": [
        1.0743839167445635,
        1.0743839167445641
      ],
      "A": [
        -0.9636180025582854,
        -0.8925928741684752
      ],
      "P": [
        1.4432643583294283e-10,
        1.4432643583294397e-10
      ],
      "tails": {
        "Z_tail_upper": 6.244638596957899e-23,
        "A_tail_upper": 1.4554167058694213e-21,
        "P_tail_upper": 0.0
      }
    }
  ]
}